{"cameraMode":{"drawMode":0,"name":"Shaded","section":"Shading Mode"},"sceneLighting":true,"audioPlay":false,"sceneViewState":{"m_AlwaysRefresh":false,"showFog":true,"showSkybox":true,"showFlares":true,"showImageEffects":true,"showParticleSystems":true,"showVisualEffectGraphs":true,"m_FxEnabled":true},"in2DMode":false,"pivot":{"x":-1.6800298690795899,"y":2.2307465076446535,"z":-0.9340770244598389},"rotation":{"x":0.03324456512928009,"y":-0.5703489184379578,"z":0.02311175875365734,"w":0.8204044103622437},"size":4.563499927520752,"orthographic":false}